### Number density nb [fm-3] 	 Chemical potential mu [MeV] 	 Pressure p [MeV/fm3] 	 Energy density e [MeV]
n	mu	p	e
1e-12	937.9126285233897	3.2760262999999996e-12	9.346366022233899e-10
1.0964782e-12	937.9218388946028	3.28567411836528e-12	1.0251251755334788e-09
1.2022644e-12	937.9310492658157	3.2962526336318406e-12	1.1243448575533048e-09
1.3182567e-12	937.940259543072	3.3078518390324104e-12	1.2331381795033613e-09
1.4454398e-12	937.9494699142851	3.32057040384132e-12	1.352428923799169e-09
1.5848932e-12	937.958680285498	3.33451560301772e-12	1.4832298186624424e-09
1.7378008e-12	937.9678905627546	3.3498063708099196e-12	1.6266515442234576e-09
1.9054607e-12	937.9771009339676	3.3665723473196097e-12	1.7839119309822888e-09
2.0892961e-12	937.9863113051804	3.384955944186981e-12	1.956346186119113e-09
2.2908677e-12	937.995521582437	3.405113218958661e-12	2.1454185299188996e-09
2.5118864e-12	938.00473195365	3.4272147898963207e-12	2.3527341145401226e-09
2.7542287e-12	938.013942324863	3.4514493013758504e-12	2.580053471649907e-09
3.0199517e-12	938.0231526021192	3.4780215977980406e-12	2.8293065927423315e-09
3.3113112e-12	938.0323629733324	3.50715737639952e-12	3.1026099120996608e-09
3.6307805e-12	938.0415733445452	3.5391043089935396e-12	3.4022839483797016e-09
3.9810717e-12	938.0507836218017	3.5741334778907586e-12	3.7308732943616886e-09
4.3651583e-12	938.0599939930148	3.6125421508004805e-12	4.091167826525758e-09
4.7863009e-12	938.0692043642276	3.654656393694355e-12	4.4862268207170916e-09
5.2480746e-12	938.0784146414842	3.700833782698764e-12	4.919404666905542e-09
5.7543994e-12	938.0876250126971	3.7514662913699276e-12	5.39437940022912e-09
6.3095734e-12	938.0968353839102	3.806983641457751e-12	5.915183855521041e-09
6.9183097e-12	938.1060456611666	3.8678573163161555e-12	6.486240298009975e-09
7.5857758e-12	938.1152560323795	3.9346039221981976e-12	7.112397402899029e-09
8.3176377e-12	938.1244664035926	4.0077900958165945e-12	7.798971638955088e-09
9.1201084e-12	938.1336767748056	4.088037244089708e-12	8.5517927886327e-09
1e-11	938.142887052062	4.1760264e-12	9.377252844120619e-09
1.0964782e-11	938.152097423275	4.2725046080131e-12	1.0282360726480958e-08
1.2022644e-11	938.161307794488	4.37829071385828e-12	1.1274801127473695e-08
1.3182567e-11	938.1705180717445	4.4942830008580806e-12	1.2363001428904624e-08
1.4454398e-11	938.1797284429574	4.6214663683853e-12	1.3556201724078039e-08
1.5848932e-11	938.1889388141705	4.76091979999636e-12	1.486453177461795e-08
1.7378008e-11	938.1981490914269	4.9138272645900006e-12	1.629910111323142e-08
1.9054607e-11	938.2073594626398	5.08148735841175e-12	1.7872091031709918e-08
2.0892961e-11	938.2165698338529	5.26532264311659e-12	1.9596856880449344e-08
2.2908677e-11	938.2257802050658	5.466894607132201e-12	2.148804445718371e-08
2.5118864e-11	938.2349904823221	5.68791330346224e-12	2.3561709212663278e-08
2.7542287e-11	938.2442008535352	5.93025568222159e-12	2.5835460800311487e-08
3.0199517e-11	938.253411224748	6.195978731788381e-12	2.8328603863857984e-08
3.3113112e-11	938.2626215020045	6.48733844979288e-12	3.1062307932759695e-08
3.6307805e-11	938.2718318732176	6.806807920843301e-12	3.405978390072473e-08
3.9810717e-11	938.2810422444304	7.1570994410765706e-12	3.7346483939816997e-08
4.3651583e-11	938.2902526156436	7.541186366863801e-12	4.095031365377587e-08
4.7863009e-11	938.2994628929	7.962329357529762e-12	4.490187330778051e-08
5.2480746e-11	938.3086732641128	8.42410333681308e-12	4.9234715047834084e-08
5.7543994e-11	938.317883635326	8.93042851348164e-12	5.398562823749042e-08
6.3095734e-11	938.3270940065388	9.485603171723121e-12	5.919495112525785e-08
6.9183097e-11	938.3363042837952	1.009434033566817e-11	6.490691721755165e-08
7.5857758e-11	938.3455146550084	1.07618073763835e-11	7.11700251637087e-08
8.3176377e-11	938.3547250262212	1.149367026404487e-11	7.803745269824827e-08
9.1201084e-11	938.3639353974344	1.2296142373779682e-11	8.556751195237821e-08
1e-10	938.3731457686472	1.3176034999999999e-11	9.382413854186473e-08
1.0964782e-10	938.3823561398602	1.4140818824555999e-11	1.0287743885837473e-07
1.2022644e-10	938.3915664171167	1.51986826971816e-11	1.128042786736563e-07
1.3182567e-10	938.4007767883296	1.63586085926358e-11	1.2368895252004935e-07
1.4454398e-10	938.4099871595427	1.76304426363828e-11	1.356238839731528e-07
1.5848932e-10	938.4191975307557	1.9024980313033202e-11	1.4871039551128213e-07
1.7378008e-10	938.4284079019686	2.0554061400502397e-11	1.6305960973807618e-07
1.9054607e-10	938.4376182731817	2.22306650985133e-11	1.7879336943701643e-07
2.0892961e-10	938.4468286443945	2.4069025359376e-11	1.9604526088905078e-07
2.2908677e-10	938.4560390156076	2.6084749724486198e-11	2.1496177801535497e-07
2.5118864e-10	938.4652493868205	2.82949459137744e-11	2.3570351473482246e-07
2.7542287e-10	938.4744597580336	3.0718380909978995e-11	2.5844661074734704e-07
3.0199517e-10	938.483670223203	3.33756243625036e-11	2.8338415990691763e-07
3.3113112e-10	938.4928805944161	3.628923560894881e-11	3.1072790942764625e-07
3.6307805e-10	938.502090965629	3.94839500581315e-11	3.4071002515866507e-07
3.9810717e-10	938.511301336842	4.29868836804789e-11	3.7358509130454686e-07
4.3651583e-10	938.5205118020116	4.68277769428792e-11	4.0963223240433694e-07
4.7863009e-10	938.5297221732244	5.10392365676472e-11	4.4915752615487776e-07
5.2480746e-10	938.538932638394	5.56570171978596e-11	4.924965763318689e-07
5.7543994e-10	938.548143009607	6.072031313521141e-11	5.400173667874243e-07
6.3095734e-10	938.5573534747764	6.62721120601748e-11	5.921233790738245e-07
6.9183097e-10	938.5665639399459	7.235954896072892e-11	6.492570567911791e-07
7.5857758e-10	938.5757744051157	7.90342940304742e-11	7.119035053008278e-07
8.3176377e-10	938.584984870285	8.635301591983321e-11	7.805946324651813e-07
9.1201084e-10	938.5941953354546	9.437784575842999e-11	8.559137026612535e-07
1e-09	938.6034058945808	1.0317691e-10	9.385002289845808e-07
1.0964782e-09	938.6126163597501	1.12824909443628e-10	1.0290554471739857e-06
1.2022644e-09	938.621826918876	1.2340374828838802e-10	1.128348203819238e-06
1.3182567e-09	938.6310374404196	1.35003235497381e-10	1.2372216506982863e-06
1.4454398e-09	938.6402480089412	1.4772186612668802e-10	1.3566002504878676e-06
1.5848932e-09	938.6494585962544	1.61667569729688e-10	1.4874974765431553e-06
1.7378008e-09	938.6586692023586	1.76958795711328e-10	1.6310248274710828e-06
1.9054607e-09	938.6678798460456	1.93725312123343e-10	1.788401030086838e-06
2.0892961e-09	938.6770905085237	2.1210951866419997e-10	1.9609622748401407e-06
2.2908677e-09	938.6863012085847	2.3226745653203409e-10	2.150173860414686e-06
2.5118864e-09	938.6955119462281	2.543702706708321e-10	2.3576421199280975e-06
2.7542287e-09	938.7047227120586	2.78605629143433e-10	2.58512888248995e-06
3.0199517e-09	938.7139335248672	3.05179286274412e-10	2.834565560075835e-06
3.3113112e-09	938.7231443846542	3.3431689939240806e-10	3.1080701448007304e-06
3.6307805e-09	938.7323552914196	3.6626580266338997e-10	3.407964864508494e-06
3.9810717e-09	938.7415662545586	4.01297282374644e-10	3.736796185747323e-06
4.3651583e-09	938.7507772740717	4.3970876869011796e-10	4.0973560382806745e-06
4.7863009e-09	938.75998836875	4.818264774670381e-10	4.492705950735871e-06
5.2480746e-09	938.769199529198	5.28007945814064e-10	4.926202783365701e-06
5.7543994e-09	938.7784107648108	5.78645370641776e-10	5.401527278267339e-06
6.3095734e-09	938.7876220943804	6.34168723573398e-10	5.922715239892381e-06
6.9183097e-09	938.7968335179067	6.950495060386339e-10	6.494192190150181e-06
7.5857758e-09	938.806045044785	7.618047207408361e-10	7.1208103726737e-06
8.3176377e-09	938.8152566844112	8.350012441219711e-10	7.807890171089315e-06
9.1201084e-09	938.824468446181	9.15260699427256e-10	8.561265660102122e-06
1e-08	938.8336803488855	1.0032648e-09	9.387333538688856e-06
1.0964782e-08	938.8428924019204	1.0997610557308e-09	1.0293107886380783e-05
1.2022644e-08	938.8521046240772	1.2055688237033998e-09	1.1286279053722331e-05
1.3182567e-08	938.8613170247512	1.32158701190121e-09	1.2375280628375124e-05
1.4454398e-08	938.870529622734	1.44880145934286e-09	1.3569359504178444e-05
1.5848932e-08	938.8797424462127	1.5882923204460403e-09	1.4878652901887093e-05
1.7378008e-08	938.8889554951868	1.7412451211856e-09	1.631427853458582e-05
1.9054607e-08	938.8981688166352	1.9089591258452e-09	1.7888426660694793e-05
2.0892961e-08	938.9073824199528	2.0928598123577703e-09	1.9614462463699807e-05
2.2908677e-08	938.9165963427229	2.29450995055623e-09	2.1507042525604263e-05
2.5118864e-08	938.9258106131322	2.51562283102e-09	2.3582234120050006e-05
2.7542287e-08	938.9350252593675	2.7580785608768605e-09	2.585765986148487e-05
3.0199517e-08	938.9442403190116	3.0239377342488296e-09	2.8352638609831827e-05
3.3113112e-08	938.9534558296469	3.315460935195841e-09	3.1088355484738953e-05
3.6307805e-08	938.9626718476476	3.6351272704145995e-09	3.408803846445296e-05
3.9810717e-08	938.9718884105964	3.98565550595538e-09	3.737715846496387e-05
4.3651583e-08	938.9811055748668	4.37002676105199e-09	4.0983641638672014e-05
4.7863009e-08	938.990323396833	4.791511267159739e-09	4.4938110788388374e-05
5.2480746e-08	938.9995419328689	5.2536968623189796e-09	4.927414275743292e-05
5.7543994e-08	939.0087612675352	5.7605163265622e-09	5.402855400799993e-05
6.3095734e-08	939.0179814666018	6.316284893225581e-09	5.924171249494041e-05
6.9183097e-08	939.027202624025	6.9257365054629496e-09	6.495788430827111e-05
7.5857758e-08	939.0364248149699	7.594062501483919e-09	7.12256038042977e-05
8.3176377e-08	939.0456481521849	8.326957613042849e-09	7.809808789330244e-05
9.1201084e-08	939.0548727484171	9.130671309548879e-09	8.563369165882815e-05
1e-07	939.0640987164151	1.0012056999999999e-08	9.38963978146415e-05
1.0964782e-07	939.0733261877174	1.0978634905578799e-08	0.00010295636440172653
1.2022644e-07	939.0825553126548	1.2038655757279197e-08	0.00011289051383558629
1.3182567e-07	939.0917862509533	1.3201174193320498e-08	0.0001237832027398354
1.4454398e-07	939.1010191811303	1.4476127296513398e-08	0.0001357269228072004
1.5848932e-07	939.1102542817033	1.58744123279764e-08	0.0001488230711938063
1.7378008e-07	939.119491778168	1.74079989662064e-08	0.0001631828524118032
1.9054607e-07	939.1287318866243	1.9090021892570197e-08	0.00017892819906318737
2.0892961e-07	939.1379748701504	2.09348952620231e-08	0.00019619279593054834
2.2908677e-07	939.1472209918251	2.2958448391650198e-08	0.00021512324496310178
2.5118864e-07	939.1564705710999	2.5178059114902403e-08	0.00023588025853083977
2.7542287e-07	939.1657239368236	2.7612809025863495e-08	0.0002586401062832818
3.0199517e-07	939.17498144603	3.0283658894265396e-08	0.0002835960245226464
3.3113112e-07	939.184243502733	3.32136235401648e-08	0.0003109599168138726
3.6307805e-07	939.1935105485278	3.6427998357671997e-08	0.00034096412038425624
3.9810717e-07	939.2027830531975	3.995457302587949e-08	0.0003738634074444065
4.3651583e-07	939.212061552294	4.382388016325929e-08	0.0004099371087143475
4.7863009e-07	939.2213466189522	4.806949959342779e-08	0.0004494915281625568
5.2480746e-07	939.2306388920769	5.2728344911553403e-08	0.0004928625176062164
5.7543994e-07	939.2399390575503	5.784100157063159e-08	0.0005404183331753097
6.3095734e-07	939.249247867025	6.34521428726458e-08	0.0005925627548883062
6.9183097e-07	939.2585661755054	6.961091143522859e-08	0.0006497385540065738
7.5857758e-07	939.2678948661828	7.637140605096959e-08	0.0007124311952532324
8.3176377e-07	939.2772349631838	8.379320469419431e-08	0.0007811729808234594
9.1201084e-07	939.2865875564036	9.194193776565718e-08	0.0008565476077802836
1e-06	939.2959538390908	1.0088993e-07	0.0009391950639090909
1.0964782e-06	939.3053351266368	1.1071694106890999e-07	0.0010298171061689822
1.2022644e-06	939.3147328565759	1.21510951307604e-07	0.0011291831527576641
1.3182567e-06	939.3241486167748	1.33369058579226e-07	0.0012381369833272796
1.4454398e-06	939.3335841266368	1.46398508172196e-07	0.001357603749465117
1.5848932e-06	939.3430412746889	1.60717822479588e-07	0.001488597680761094
1.7378008e-06	939.352522146766	1.76458013654792e-07	0.0016322311064550133
1.9054607e-06	939.3620289978252	1.93764145412409e-07	0.001789723665182204
2.0892961e-06	939.3715643271103	2.1279679261629501e-07	0.0019624125490069143
2.2908677e-06	939.3811308405692	2.3373400130754302e-07	0.0021517641566308264
2.5118864e-06	939.3907315166242	2.5677321655766395e-07	0.002359386029566102
2.7542287e-06	939.4003696061716	2.82133741023559e-07	0.002587041325018902
3.0199517e-06	939.4100486889549	3.10059316824993e-07	0.0028366629142184676
3.3113112e-06	939.4197726453796	3.4082117553012005e-07	0.0031103703934865683
3.6307805e-06	939.4295457316761	3.7472141844642503e-07	0.003410487754347982
3.9810717e-06	939.4393726268806	4.12097093871687e-07	0.003739563403136758
4.3651583e-06	939.4492584046454	4.5332439585314603e-07	0.004100391403358029
4.7863009e-06	939.4592086365932	4.98824163579226e-07	0.004496035631647035
5.2480746e-06	939.4692293923164	5.490675245304361e-07	0.004929855532730858
5.7543994e-06	939.4793273051458	6.045826929533419e-07	0.005405534694664181
6.3095734e-06	939.4895096210099	6.659629794146681e-07	0.005927112056504353
6.9183097e-06	939.4997842350759	7.338756135398101e-07	0.006499016594807894
7.5857758e-06	939.51015976034	8.09072069039426e-07	0.007126104361695081
8.3176377e-06	939.5206455839992	8.92400346949524e-07	0.007813699941290862
9.1201084e-06	939.5312519285244	9.848188541832158e-07	0.008567642043921667
1e-05	939.541989925886	1.0874123e-06	0.00939433248695886
1.0964782e-05	939.552871681444	1.2014106155009e-06	0.010300791004845506
1.2022644e-05	939.563910356066	1.32821073310944e-06	0.011294714198725783
1.3182567e-05	939.5751202450512	1.4694020810668498e-06	0.012384542572082376
1.4454398e-05	939.5865168598712	1.6267955181064999e-06	0.01357953067460818
1.5848932e-05	939.5981170211894	1.80245767064748e-06	0.014889824206326226
1.7378008e-05	939.6099389434191	1.9987515748292e-06	0.01632655028426342
1.9054607e-05	939.6220023367626	2.2183821252664504e-06	0.017901909600954828
2.0892961e-05	939.6343284964686	2.464450107716e-06	0.019629278929430193
2.2908677e-05	939.6469404061841	2.7405164631147602e-06	0.02152332773534041
2.5118864e-05	939.6598628328524	3.0506729709907192e-06	0.02360013762778608
2.7542287e-05	939.6731224394588	3.39963014092257e-06	0.025877347194272787
3.0199517e-05	939.6867478470426	3.79281441711713e-06	0.028374293101864363
3.3113112e-05	939.7007697699956	4.23648360213312e-06	0.031112180352277943
3.6307805e-05	939.7152210931046	4.73786029923555e-06	0.03411425914268109
3.9810717e-05	939.730136937323	5.30528602499892e-06	0.03740602525195801
4.3651583e-05	939.7455547443294	5.948401215409999e-06	0.041015432680587736
4.7863009e-05	939.7615143516952	6.678351491794859e-06	0.04497313546777701
5.2480746e-05	939.778058049256	7.508026724625e-06	0.04931274553413163
5.7543994e-05	939.7952305979059	8.45233689901132e-06	0.054071118773855495
6.3095734e-05	939.813079267177	9.52853035435002e-06	0.05928866752880837
6.9183097e-05	939.8316538634289	1.0756556789166349e-05	0.06500970791611486
7.5857758e-05	939.8510066734736	1.215948732611108e-05	0.07128283073296662
8.3176377e-05	939.8711925021574	1.3763996922464282e-05	0.07816131664207657
9.1201084e-05	939.8922685784061	1.5600910325668717e-05	0.08570359282724409
0.0001	939.9142945176407	1.7705833000000003e-05	0.09397372361876408
0.00010964782	939.937332246614	2.0119870590028e-05	0.1030419595468
0.00012022644	939.9614459188477	2.2890446919258e-05	0.1129853279331
0.00013182567	939.9867018488645	2.60722397716239e-05	0.12388830452249999
0.00014454398	940.0131683336695	2.9728244731415997e-05	0.1358435163586
0.00015848932	940.0409156339597	3.3930983273479594e-05	0.1489525145077
0.00017378008	940.0700158237928	3.8763888607032e-05	0.16332667866679998
0.00019054607	940.1005426872364	4.43228737061825e-05	0.1790881409402
0.00020892961	940.1325716338043	5.0718107847569306e-05	0.19637081343190002
0.00022908677	940.1661795951088	5.807604593075009e-05	0.21532155730070002
0.00025118864	940.201444902712	6.654171697250402e-05	0.2361013805541
0.00027542287	940.2384472223606	7.628134943041079e-05	0.25888689026879996
0.00030199517	940.277267422444	8.748529185232511e-05	0.28387170793050004
0.00033113112	940.3179874706434	0.0001003713657390816	0.3112681769815
0.00036307805	940.3606902929964	0.00011518862810753153	0.3413091371001
0.00039810717	940.405459604776	0.0001322216185301973	0.3742499345572
0.00043651583	940.4523797413676	0.0001517951234744082	0.41037055599480005
0.00047863009	940.5015354515665	0.00017427955417894398	0.4499780550041
0.00052480746	940.55301160631	0.00020009695619759937	0.4934091400602
0.00057543994	940.6068929543928	0.0002297277485675358	0.5410330462966
0.00063095734	940.6632636808708	0.000263718210804568	0.5932546724769
0.00069183097	940.722207313103	0.0003026888759211838	0.65051806831
0.00075857758	940.783805781188	0.0003473438288674172	0.7133101588638
0.00083176377	940.8481396058768	0.0003984809876849904	0.7821649146083001
0.00091201084	940.9152869590059	0.000457003570263838	0.857667937658
0.001	940.9853230997603	0.00052393266	0.9404613904397
0.0010964782	941.0583201867588	0.000600421133495356	1.0312495118798999
0.0012022644	941.1343465264022	0.000687768839426568	1.1308045516065002
0.0013182567	941.213465821221	0.0007874395608203671	1.2399735178882
0.0014454398	941.2957369819628	0.000901079206946702	1.3596852425971
0.0015848932	941.3812131880272	0.0010305359764511681	1.4909581474129998
0.0017378008	941.4699417935065	0.001177882633456576	1.6349093353912
0.0019054607	941.5619638574072	0.00134544065552611	1.7927638780894999
0.0020892961	941.6573136738651	0.0015358069225806618	1.9658651460727001
0.0022908677	941.7560188661004	0.0017518834124349912	2.1556865614885004
0.0025118864	941.8581009501602	0.0019969099750760163	2.3638436445314
0.0027542287	941.9635750530466	0.002274502075103373	2.5921086106906004
0.0030199517	942.0724519797612	0.002588692721997941	2.8424246101574
0.0033113112	942.1847385891308	0.0029439825147303117	3.1169228948445
0.0036307805	942.3004408004174	0.003345397776074135	3.4179406678234
0.0039810717	942.4195666938829	0.003798561936177954	3.7480413045551
0.0043651583	942.5421301750944	0.0043097826002315275	4.1100358200332
0.0047863009	942.6681570820991	0.0048861622819776004	4.5070072863614
0.0052480746	942.7976919502942	0.00553574046189456	4.942336879601
0.0057543994	942.9308075020384	0.006267676289601619	5.4197327966416
0.0063095734	943.0676160153907	0.00709249492246698	5.9432618494896
0.0069183097	943.208283699462	0.00802240620417785	6.5173846120341
0.0075857758	943.3530487340676	0.009071742801375881	7.1469929851417
0.0083176377	943.5022425039073	0.010257532060802821	7.837452290224201
0.0091201084	943.6563162822183	0.01160027810285968	8.5946476187356
0.01	943.815872706216	0.013124997000000001	9.4250337300621
0.010964782	943.9817027959688	0.0148626063010956	10.335690976845399
0.012022644	944.1548294562732	0.0168517649883072	11.3343856304451
0.013182567	944.3365586829656	0.019141312705895693	12.429638642681699
0.014454398	944.5285362187134	0.0217934653678812	13.6307979194948
0.015848932	944.7328124769791	0.0248879693882204	14.9481181337281
0.017378008	944.9519127275548	0.028527484213883198	16.3928544147808
0.019054607	945.1889119799176	0.0328444298968214	17.977358828638
0.020892961	945.4475128731984	0.038009646746312103	19.7151883672604
0.022908677	945.732121311194	0.0442431819690773	21.6212285136738
0.025118864	946.0479165539389	0.051827528533310394	23.711821424868397
0.027542287	946.400909564716	0.061123650084427196	26.004921818208
0.030199517	946.7979821899321	0.07258998106246341	28.520251777648003
0.033113112	947.246901252596	0.0868046687817192	31.2794880640484
0.036307805	947.7563035192748	0.1044910888736	34.3064599668249
0.039810717	948.3356506009563	0.1265469073643	37.6273752997211
0.043651583	948.9951642169951	0.15407711473949998	41.2710640626772
0.047863009	949.7457688816299	0.188432435343	45.2692578483503
0.052480746	950.5990811929348	0.23125633377590002	49.6568925941438
0.057543994	951.5675419357086	0.2845473912243	54.4724495325187
0.063095734	952.6647964175297	0.3507498541207	59.7583347318038
0.069183097	953.9065006158252	0.4328951311793	65.56131082985581
0.075857758	955.3117765645984	0.5348315953931999	71.93297796579411
0.083176377	956.905589454764	0.6616015961567999	78.9303384657398
0.091201084	958.7223339550892	0.8200526137206999	86.61646349799341
0.1	960.8109426290024	1.0198055000000001	95.06128876290019
0.10964782	963.2417654320849	1.2747442836429	104.3426154289365
0.12022644	966.1153433733089	1.6052369770632	114.54737138608729
0.13182567	969.5730171474064	2.0413343416453	125.77327825773298
0.14454398	973.808982697872	2.6272160588181	138.1310100600834
0.15848932	979.0829997778903	3.4271380295402	151.7470608288177
0.17378008	985.7323714085456	4.533051301439	166.76759906052771
0.19054607	994.181260608834	6.0738913056464	183.36344077101268
0.20892961	1004.9448695823395	8.226258033104601	201.7364816402344
0.22908677	1018.6259830563126	11.225868660671601	222.1278676357738
0.25118864	1035.902142275076	15.3788762827024	244.82797400846042
0.27542287	1057.5035107195094	21.072119039448797	270.1885329179942
0.30199517	1084.1841600503894	28.7817046399709	298.6366750857536
0.33113112	1116.6915614819084	39.080117961578395	330.6912094864747
0.36307805	1155.740301441009	52.642868008525	366.9810669450887
0.39810717	1201.994370760536	70.2563370464898	408.2662402529179
0.43651583	1256.060474973945	92.8287274263639	455.4615533370819
0.47863009	1318.4921214245744	121.4058577064511	509.6641450352839
0.52480746	1389.8025570805153	157.1934950081837	572.1852548747465
0.57543994	1470.4845557808826	201.58779753443352	644.5877470150442
0.63095734	1561.034630834883	256.2157305288438	728.730527790616
0.69183097	1661.9798126342926	322.98727960070016	826.8218262945006
0.75857758	1773.9049148399115	404.16133512407197	941.4831623252941
0.83176377	1897.4782502851951	502.427071621254	1075.8265913289633
0.91201084	2033.473757740245	621.002043520768	1233.5480663938695
1.0	2182.7889194230347	763.74857	1419.0403494230347
1.0964782	2346.456317653215	935.309873732268	1637.5283258267573
1.2022644	2525.65181846631	1141.268934337992	1895.232333799315
1.3182567	2721.69889361433	1388.33456704365	2199.563234846027
1.4454398	2936.0734123490547	1684.5610742737	2559.3562916574347
1.5848932	3170.40937277067	2039.6103118217197	2985.1499442987806
1.7378008	3426.508297481265	2465.06834943904	3489.52051113054
1.9054607	3706.35210563013	2974.8267765459095	4087.481501094552
2.0892961	4012.119273437774	3585.54299485968	4796.962155868696
2.2908677	4346.204095285604	4317.19653599542	5639.3820435020925
2.5118864	4711.23735415362	5193.755418140319	6640.337618930142
2.7542287	5110.109247014954	6243.980784483881	7830.428763780095
3.0199517	5545.99400144805	7502.387187570631	9246.246825292208
3.3113112	6022.3762774229845	9010.400959173121	10931.561058871916
3.6307805	6543.080575696935	10817.7463884714	12938.742975697809
3.9810717	7112.302901166465	12984.116059361251	15330.471742300462
4.3651583	7734.646372394294	15581.170642351999	18181.78516766984
4.7863009	8415.15936796251	18694.95005214583	21582.53480437656
5.2480746	9159.377900869844	22428.76149414504	25640.337019211303
5.7543994	9973.37287866879	26906.657220335335	30484.113688652615
6.3095734	10863.80046416835	32277.608914022418	36268.337517601845
6.9183097	11837.957791659299	38720.52510135139	43178.13311687573
7.5857758	12903.8477029668	46450.2805942841	51435.41503776704
8.3176377	14070.241040633098	55724.96115008403	61306.20617757306
9.1201084	15346.756135146148	66854.57340566888	73109.50613522904
10.0	16743.93490973295	80211.506	87227.84309732952
